Name,ShortName,Service,PID,ModeAndPID,Header,Module,Network,Equation_Metric,Min_Metric,Max_Metric,Unit_Metric,Equation_Imperial,Min_Imperial,Max_Imperial,Unit_Imperial,VehicleScope,DataClass,Status,Source,Notes
Calculated Engine Load,Load,01,04,0104,Auto,Auto,Auto,A*100/255,0.0,100.0,%,A*100/255,0.0,100.0,%,Ford All Models (OBD2),generic_obd2,baseline,User-provided Gemini deepsearch,"Potentially relevant to S-Max depending on year, engine, and module; validate on vehicle."
Engine Coolant Temp,ECT,01,05,0105,Auto,Auto,Auto,A-40,-40.0,215.0,°C,((A-40)*9/5)+32,-40.0,419.0,°F,Ford All Models (OBD2),generic_obd2,baseline,User-provided Gemini deepsearch,"Potentially relevant to S-Max depending on year, engine, and module; validate on vehicle."
Short Term Fuel Trim 1,STFT1,01,06,0106,Auto,Auto,Auto,(A-128)*100/128,-100.0,99.2,%,(A-128)*100/128,-100.0,99.2,%,Ford All Models (OBD2),generic_obd2,baseline,User-provided Gemini deepsearch,"Potentially relevant to S-Max depending on year, engine, and module; validate on vehicle."
Long Term Fuel Trim 1,LTFT1,01,07,0107,Auto,Auto,Auto,(A-128)*100/128,-100.0,99.2,%,(A-128)*100/128,-100.0,99.2,%,Ford All Models (OBD2),generic_obd2,baseline,User-provided Gemini deepsearch,"Potentially relevant to S-Max depending on year, engine, and module; validate on vehicle."
Short Term Fuel Trim 2,STFT2,01,08,0108,Auto,Auto,Auto,(A-128)*100/128,-100.0,99.2,%,(A-128)*100/128,-100.0,99.2,%,Ford All Models (OBD2),generic_obd2,baseline,User-provided Gemini deepsearch,"Potentially relevant to S-Max depending on year, engine, and module; validate on vehicle."
Long Term Fuel Trim 2,LTFT2,01,09,0109,Auto,Auto,Auto,(A-128)*100/128,-100.0,99.2,%,(A-128)*100/128,-100.0,99.2,%,Ford All Models (OBD2),generic_obd2,baseline,User-provided Gemini deepsearch,"Potentially relevant to S-Max depending on year, engine, and module; validate on vehicle."
Fuel Rail Pressure,FRP,01,0A,010A,Auto,Auto,Auto,A*3,0.0,765.0,kPa,(A*3)*0.145038,0.0,110.95407,psi,Ford All Models (OBD2),generic_obd2,baseline,User-provided Gemini deepsearch,"Potentially relevant to S-Max depending on year, engine, and module; validate on vehicle."
Intake Manifold ABS Pressure,MAP,01,0B,010B,Auto,Auto,Auto,A,0.0,255.0,kPa,(A)*0.145038,0.0,36.98469,psi,Ford All Models (OBD2),generic_obd2,baseline,User-provided Gemini deepsearch,"Potentially relevant to S-Max depending on year, engine, and module; validate on vehicle."
Engine RPM,RPM,01,0C,010C,Auto,Auto,Auto,((A*256)+B)/4,0.0,8000.0,rpm,((A*256)+B)/4,0.0,8000.0,rpm,Ford All Models (OBD2),generic_obd2,baseline,User-provided Gemini deepsearch,"Potentially relevant to S-Max depending on year, engine, and module; validate on vehicle."
Vehicle Speed,Speed,01,0D,010D,Auto,Auto,Auto,A,0.0,255.0,km/h,(A)*0.621371,0.0,158.449605,mph,Ford All Models (OBD2),generic_obd2,baseline,User-provided Gemini deepsearch,"Potentially relevant to S-Max depending on year, engine, and module; validate on vehicle."
Timing Advance,Timing,01,0E,010E,Auto,Auto,Auto,A/2-64,-64.0,63.5,°,A/2-64,-64.0,63.5,°,Ford All Models (OBD2),generic_obd2,baseline,User-provided Gemini deepsearch,"Potentially relevant to S-Max depending on year, engine, and module; validate on vehicle."
Intake Air Temp,IAT,01,0F,010F,Auto,Auto,Auto,A-40,-40.0,215.0,°C,((A-40)*9/5)+32,-40.0,419.0,°F,Ford All Models (OBD2),generic_obd2,baseline,User-provided Gemini deepsearch,"Potentially relevant to S-Max depending on year, engine, and module; validate on vehicle."
Mass Air Flow Rate,MAF,01,10,0110,Auto,Auto,Auto,((A*256)+B)/100,0.0,655.0,g/s,((A*256)+B)/100,0.0,655.0,g/s,Ford All Models (OBD2),generic_obd2,baseline,User-provided Gemini deepsearch,"Potentially relevant to S-Max depending on year, engine, and module; validate on vehicle."
Throttle Position,TP,01,11,0111,Auto,Auto,Auto,A*100/255,0.0,100.0,%,A*100/255,0.0,100.0,%,Ford All Models (OBD2),generic_obd2,baseline,User-provided Gemini deepsearch,"Potentially relevant to S-Max depending on year, engine, and module; validate on vehicle."
Commanded EGR,EGR CMD,01,2C,012C,Auto,Auto,Auto,A*(100/255),0.0,100.0,%,A*(100/255),0.0,100.0,%,Ford All Models (OBD2),generic_obd2,baseline,User-provided Gemini deepsearch,"Potentially relevant to S-Max depending on year, engine, and module; validate on vehicle."
Evap System Vapor Pressure,EVAP VP,01,32,0132,Auto,Auto,Auto,((signed(A)*256)+B)/4,-8192.0,8192.0,Pa,(((signed(A)*256)+B)/4)*0.00401463,-32.88784896,32.88784896,inH2O,Ford All Models (OBD2),generic_obd2,baseline,User-provided Gemini deepsearch,"Potentially relevant to S-Max depending on year, engine, and module; validate on vehicle."
Barometric Pressure,BARO,01,33,0133,Auto,Auto,Auto,A,0.0,255.0,kPa,(A)*0.145038,0.0,36.98469,psi,Ford All Models (OBD2),generic_obd2,baseline,User-provided Gemini deepsearch,"Potentially relevant to S-Max depending on year, engine, and module; validate on vehicle."
Catalyst Temp Bank 1 Sensor 1,CAT11,01,3C,013C,Auto,Auto,Auto,(((A*256)+B)/10)-40,-40.0,6500.0,°C,(((((A*256)+B)/10)-40)*9/5)+32,-40.0,11732.0,°F,Ford All Models (OBD2),generic_obd2,baseline,User-provided Gemini deepsearch,"Potentially relevant to S-Max depending on year, engine, and module; validate on vehicle."
Control Module Voltage,CM Volts,01,42,0142,Auto,Auto,Auto,((A*256)+B)/1000,0.0,20.0,V,((A*256)+B)/1000,0.0,20.0,V,Ford All Models (OBD2),generic_obd2,baseline,User-provided Gemini deepsearch,"Potentially relevant to S-Max depending on year, engine, and module; validate on vehicle."
Relative Accelerator Pedal Pos,Rel APP,01,5A,015A,Auto,Auto,Auto,A/2.55,0.0,100.0,%,A/2.55,0.0,100.0,%,Ford All Models (OBD2),generic_obd2,baseline,User-provided Gemini deepsearch,"Potentially relevant to S-Max depending on year, engine, and module; validate on vehicle."
Engine Oil Temperature,EOT,01,5C,015C,Auto,Auto,Auto,A-40,-40.0,210.0,°C,((A-40)*9/5)+32,-40.0,410.0,°F,Ford All Models (OBD2),generic_obd2,baseline,User-provided Gemini deepsearch,"Potentially relevant to S-Max depending on year, engine, and module; validate on vehicle."
Fuel Injection Timing,Inj Timing,01,5D,015D,Auto,Auto,Auto,(((A*256)+B)-26880)/128,-210.0,301.0,°,(((A*256)+B)-26880)/128,-210.0,301.0,°,Ford TDCi/Diesels,diesel_candidate,candidate,User-provided Gemini deepsearch,"Potentially relevant to S-Max depending on year, engine, and module; validate on vehicle."
Engine Fuel Rate,Fuel Rate,01,5E,015E,Auto,Auto,Auto,((A*256)+B)*0.05,0.0,3212.0,L/h,(((A*256)+B)*0.05)*0.264172,0.0,848.5204640000001,gal/h,Ford All Models (OBD2),generic_obd2,baseline,User-provided Gemini deepsearch,"Potentially relevant to S-Max depending on year, engine, and module; validate on vehicle."
Demanded Engine Torque,Dem Trq,01,61,0161,Auto,Auto,Auto,A-125,-125.0,125.0,%,A-125,-125.0,125.0,%,Ford All Models (OBD2),generic_obd2,baseline,User-provided Gemini deepsearch,"Potentially relevant to S-Max depending on year, engine, and module; validate on vehicle."
Actual Engine Torque,Act Trq,01,62,0162,Auto,Auto,Auto,A-125,-125.0,125.0,%,A-125,-125.0,125.0,%,Ford All Models (OBD2),generic_obd2,baseline,User-provided Gemini deepsearch,"Potentially relevant to S-Max depending on year, engine, and module; validate on vehicle."
Misfire Cylinder 1,MFC1,06,A20C,06A20C,Auto,Auto,Auto,G*256+H,0.0,65535.0,Count,G*256+H,0.0,65535.0,Count,Ford V8/V6/I4 (Mode 06),ford_extended_candidate,candidate,User-provided Gemini deepsearch,Candidate Ford extended PID; confirm on vehicle.
Misfire Cylinder 2,MFC2,06,A30C,06A30C,Auto,Auto,Auto,G*256+H,0.0,65535.0,Count,G*256+H,0.0,65535.0,Count,Ford V8/V6/I4 (Mode 06),ford_extended_candidate,candidate,User-provided Gemini deepsearch,Candidate Ford extended PID; confirm on vehicle.
Misfire Cylinder 3,MFC3,06,A40C,06A40C,Auto,Auto,Auto,G*256+H,0.0,65535.0,Count,G*256+H,0.0,65535.0,Count,Ford V8/V6/I4 (Mode 06),ford_extended_candidate,candidate,User-provided Gemini deepsearch,Candidate Ford extended PID; confirm on vehicle.
Misfire Cylinder 4,MFC4,06,A50C,06A50C,Auto,Auto,Auto,G*256+H,0.0,65535.0,Count,G*256+H,0.0,65535.0,Count,Ford V8/V6/I4 (Mode 06),ford_extended_candidate,candidate,User-provided Gemini deepsearch,Candidate Ford extended PID; confirm on vehicle.
Misfire Cylinder 5,MFC5,06,A60C,06A60C,Auto,Auto,Auto,G*256+H,0.0,65535.0,Count,G*256+H,0.0,65535.0,Count,Ford V8/V6 (Mode 06),ford_extended_candidate,candidate,User-provided Gemini deepsearch,Candidate Ford extended PID; confirm on vehicle.
Misfire Cylinder 6,MFC6,06,A70C,06A70C,Auto,Auto,Auto,G*256+H,0.0,65535.0,Count,G*256+H,0.0,65535.0,Count,Ford V8/V6 (Mode 06),ford_extended_candidate,candidate,User-provided Gemini deepsearch,Candidate Ford extended PID; confirm on vehicle.
Misfire Cylinder 7,MFC7,06,A80C,06A80C,Auto,Auto,Auto,G*256+H,0.0,65535.0,Count,G*256+H,0.0,65535.0,Count,Ford V8 5.0L/4.6L/5.4L (Mode 06),ford_extended_candidate,candidate,User-provided Gemini deepsearch,Candidate Ford extended PID; confirm on vehicle.
Misfire Cylinder 8,MFC8,06,A90C,06A90C,Auto,Auto,Auto,G*256+H,0.0,65535.0,Count,G*256+H,0.0,65535.0,Count,Ford V8 5.0L/4.6L/5.4L (Mode 06),ford_extended_candidate,candidate,User-provided Gemini deepsearch,Candidate Ford extended PID; confirm on vehicle.
Engine Coolant Temp 1 6.7L,ECT 1,22,0105,220105,7E0,PCM/ECM,HS-CAN likely,A-40,-40.0,215.0,°C,((A-40)*9/5)+32,-40.0,419.0,°F,Ford PowerStroke 6.7L,powersroke_non_smax,candidate,User-provided Gemini deepsearch,Mostly non-S-Max; kept as Ford reference candidate.
Manifold Absolute Pressure Sensor Voltage,MAP Sensor V,22,0301,220301,Auto,Auto,Auto,((signed(A)*256)+B)/1024,0.0,5.0,V,((signed(A)*256)+B)/1024,0.0,5.0,V,Ford extended candidates from uploaded Ford DID.csv,ford_extended_candidate,candidate,Uploaded Ford DID.csv,Candidate Ford extended PID; confirm on vehicle.
Low Pressure Fuel Pump Commanded Duty Cycle,LPFP DC,22,0307,220307,Auto,Auto,Auto,((A*256)+B)/327.68,0.0,100.0,%,((A*256)+B)/327.68,0.0,100.0,%,Ford extended candidates from uploaded Ford DID.csv,ford_extended_candidate,candidate,Uploaded Ford DID.csv,Candidate Ford extended PID; confirm on vehicle.
Commanded Lambda,Cmd Lambda,22,030F,22030F,Auto,Auto,Auto,((A*256)+B)/32768,0.0,5.0,?,((A*256)+B)/32768,0.0,5.0,?,Ford extended candidates from uploaded Ford DID.csv,ford_extended_candidate,candidate,Uploaded Ford DID.csv,Candidate Ford extended PID; confirm on vehicle.
VCT Intake Cam Solenoid Duty Cycle,VCT Int DC,22,0316,220316,Auto,Auto,Auto,((A*256)+B)/327.68,0.0,100.0,%,((A*256)+B)/327.68,0.0,100.0,%,Ford extended candidates from uploaded Ford DID.csv,ford_extended_candidate,candidate,Uploaded Ford DID.csv,Candidate Ford extended PID; confirm on vehicle.
VCT Exhaust Cam Solenoid Duty Cycle,VCT Exh DC,22,0317,220317,Auto,Auto,Auto,((A*256)+B)/327.68,0.0,100.0,%,((A*256)+B)/327.68,0.0,100.0,%,Ford extended candidates from uploaded Ford DID.csv,ford_extended_candidate,candidate,Uploaded Ford DID.csv,Candidate Ford extended PID; confirm on vehicle.
VCT Intake Cam Actual,VCT Int Act,22,0318,220318,Auto,Auto,Auto,((signed(A)*256)+B)/16,-50.0,0.0,°,((signed(A)*256)+B)/16,-50.0,0.0,°,Ford extended candidates from uploaded Ford DID.csv,ford_extended_candidate,candidate,Uploaded Ford DID.csv,Candidate Ford extended PID; confirm on vehicle.
VCT Exhaust Cam Actual,VCT Exh Act,22,0319,220319,Auto,Auto,Auto,((signed(A)*256)+B)/16,0.0,50.0,°,((signed(A)*256)+B)/16,0.0,50.0,°,Ford extended candidates from uploaded Ford DID.csv,ford_extended_candidate,candidate,Uploaded Ford DID.csv,Candidate Ford extended PID; confirm on vehicle.
VCT Intake Cam Error,VCT Int Err,22,031A,22031A,Auto,Auto,Auto,((signed(A)*256)+B)/16,-50.0,50.0,°,((signed(A)*256)+B)/16,-50.0,50.0,°,Ford extended candidates from uploaded Ford DID.csv,ford_extended_candidate,candidate,Uploaded Ford DID.csv,Candidate Ford extended PID; confirm on vehicle.
FlexFuel Inferred Ethanol %,Eth %,22,031B,22031B,Auto,Auto,Auto,A*(100/255),0.0,100.0,%,A*(100/255),0.0,100.0,%,Ford FlexFuel (Focus/Mustang),flexfuel_non_smax,candidate,User-provided Gemini deepsearch,Mostly non-S-Max; kept as Ford reference candidate.
VCT Exhaust Cam Error,VCT Exh Err,22,031B,22031B,Auto,Auto,Auto,((signed(A)*256)+B)/16,-50.0,50.0,°,((signed(A)*256)+B)/16,-50.0,50.0,°,Ford extended candidates from uploaded Ford DID.csv,ford_extended_candidate,candidate,Uploaded Ford DID.csv,Candidate Ford extended PID; confirm on vehicle.
High Pressure Fuel Rail Sensor Voltage,HPFP Sensor V,22,0324,220324,Auto,Auto,Auto,((A*256)+B)/204.6,0.0,5.0,V,((A*256)+B)/204.6,0.0,5.0,V,Ford extended candidates from uploaded Ford DID.csv,ford_extended_candidate,candidate,Uploaded Ford DID.csv,Candidate Ford extended PID; confirm on vehicle.
Accelerator Pedal Position,APP,22,032B,22032B,Auto,Auto,Auto,A/2,0.0,100.0,%,A/2,0.0,100.0,%,Ford extended candidates from uploaded Ford DID.csv,ford_extended_candidate,candidate,Uploaded Ford DID.csv,Candidate Ford extended PID; confirm on vehicle.
Electronic Throttle Control Learned Trim Angle,ETC Lrn Trim,22,0338,220338,Auto,Auto,Auto,((signed(A)*256)+B)/512,-90.0,90.0,°,((signed(A)*256)+B)/512,-90.0,90.0,°,Ford extended candidates from uploaded Ford DID.csv,ford_extended_candidate,candidate,Uploaded Ford DID.csv,Candidate Ford extended PID; confirm on vehicle.
Throttle Inlet Pressure Sensor Voltage,TIP Sensor V,22,033C,22033C,Auto,Auto,Auto,((A*256)+B)/204.8,0.0,5.0,V,((A*256)+B)/204.8,0.0,5.0,V,Ford extended candidates from uploaded Ford DID.csv,ford_extended_candidate,candidate,Uploaded Ford DID.csv,Candidate Ford extended PID; confirm on vehicle.
Throttle Inlet Pressure Absolute,TIP Actual Abs,22,033E,22033E,Auto,Auto,Auto,(((A*256)+B)/903.8107848)/0.145038,0.0,413.6846895296405,kPa,((A*256)+B)/903.8107848,0.0,60.0,psi,Ford extended candidates from uploaded Ford DID.csv,ford_extended_candidate,candidate,Uploaded Ford DID.csv,Candidate Ford extended PID; confirm on vehicle.
Barometric Pressure,Baro,22,0353,220353,Auto,Auto,Auto,(((A*256)+B)/27.582114)/0.145038,55.15795860395207,137.89489650988017,kPa,((A*256)+B)/27.582114,8.0,20.0,psi,Ford extended candidates from uploaded Ford DID.csv,ford_extended_candidate,candidate,Uploaded Ford DID.csv,Candidate Ford extended PID; confirm on vehicle.
Barometric Pressure Sensor Voltage,Baro Sensor V,22,035A,22035A,Auto,Auto,Auto,((A*256)+B)/204.6,0.0,5.0,V,((A*256)+B)/204.6,0.0,5.0,V,Ford extended candidates from uploaded Ford DID.csv,ford_extended_candidate,candidate,Uploaded Ford DID.csv,Candidate Ford extended PID; confirm on vehicle.
Rear O2 Voltage,Rear O2 V,22,035F,22035F,Auto,Auto,Auto,((signed(A)*256)+B)/1024,0.0,1.0,V,((signed(A)*256)+B)/1024,0.0,1.0,V,Ford extended candidates from uploaded Ford DID.csv,ford_extended_candidate,candidate,Uploaded Ford DID.csv,Candidate Ford extended PID; confirm on vehicle.
Evaporative Vapor Pressure Sensor Voltage,Evap Pres Sensor V,22,038E,22038E,Auto,Auto,Auto,((signed(A)*256)+B)/5.0048876,0.0,5.0,V,((signed(A)*256)+B)/5.0048876,0.0,5.0,V,Ford extended candidates from uploaded Ford DID.csv,ford_extended_candidate,candidate,Uploaded Ford DID.csv,Candidate Ford extended PID; confirm on vehicle.
Engine Coolant Temperature,ECT,22,038F,22038F,Auto,Auto,Auto,((((signed(A)*256)+B)/64*1.8+32)-32)*5/9,-40.0,148.88888888888889,°C,((signed(A)*256)+B)/64*1.8+32,-40.0,300.0,°F,Ford extended candidates from uploaded Ford DID.csv,ford_extended_candidate,candidate,Uploaded Ford DID.csv,Candidate Ford extended PID; confirm on vehicle.
Air Conditioning Compressor Pressure,AC Pressure,22,0393,220393,Auto,Auto,Auto,(((signed(A)*256)+B)/3.4473784)/0.145038,-689.4744825494008,6894.744825494008,kPa,((signed(A)*256)+B)/3.4473784,-100.0,1000.0,psi,Ford extended candidates from uploaded Ford DID.csv,ford_extended_candidate,candidate,Uploaded Ford DID.csv,Candidate Ford extended PID; confirm on vehicle.
ETC Sensor Error,ETC Sens Err,22,03A7,2203A7,Auto,Auto,Auto,A,-90.0,90.0,°,A,-90.0,90.0,°,Ford extended candidates from uploaded Ford DID.csv,ford_extended_candidate,candidate,Uploaded Ford DID.csv,Candidate Ford extended PID; confirm on vehicle.
Ambient Air Temperature Sensor Voltage,AAT Sensor V,22,03BA,2203BA,Auto,Auto,Auto,((A*256)+B)/204.6,0.0,5.0,V,((A*256)+B)/204.6,0.0,5.0,V,Ford extended candidates from uploaded Ford DID.csv,ford_extended_candidate,candidate,Uploaded Ford DID.csv,Candidate Ford extended PID; confirm on vehicle.
VCT Exhaust Cam Desired,VCT Exh Des,22,03BB,2203BB,Auto,Auto,Auto,((signed(A)*256)+B)/16,0.0,50.0,°,((signed(A)*256)+B)/16,0.0,50.0,°,Ford extended candidates from uploaded Ford DID.csv,ford_extended_candidate,candidate,Uploaded Ford DID.csv,Candidate Ford extended PID; confirm on vehicle.
VCT Intake Cam Desired,VCT Int Des,22,03BC,2203BC,Auto,Auto,Auto,((signed(A)*256)+B)/16,-50.0,0.0,°,((signed(A)*256)+B)/16,-50.0,0.0,°,Ford extended candidates from uploaded Ford DID.csv,ford_extended_candidate,candidate,Uploaded Ford DID.csv,Candidate Ford extended PID; confirm on vehicle.
Closed Loop Lambda Correction,CL Lambda Corr,22,03BD,2203BD,Auto,Auto,Auto,((signed(A)*256)+B)/8192,-5.0,5.0,?,((signed(A)*256)+B)/8192,-5.0,5.0,?,Ford extended candidates from uploaded Ford DID.csv,ford_extended_candidate,candidate,Uploaded Ford DID.csv,Candidate Ford extended PID; confirm on vehicle.
Manifold Charge Temperature,MCT,22,03CA,2203CA,Auto,Auto,Auto,((A*1.8+32)-32)*5/9,-40.0,148.88888888888889,°C,A*1.8+32,-40.0,300.0,°F,Ford extended candidates from uploaded Ford DID.csv,ford_extended_candidate,candidate,Uploaded Ford DID.csv,Candidate Ford extended PID; confirm on vehicle.
High Pressure Fuel Pressure Desired,HPFP Desired,22,03DC,2203DC,Auto,Auto,Auto,(((signed(A)*256)+B)/0.68947572)/0.145038,0.0,24131.60688922903,kPa,((signed(A)*256)+B)/0.68947572,0.0,3500.0,psi,Ford extended candidates from uploaded Ford DID.csv,ford_extended_candidate,candidate,Uploaded Ford DID.csv,Candidate Ford extended PID; confirm on vehicle.
Knock Sensor 1,KS1,22,03E6,2203E6,Auto,Auto,Auto,((A*256)+B)/1000,0.0,5.0,V,((A*256)+B)/1000,0.0,5.0,V,Ford EcoBoost / Coyote 5.0L,ecoboost_candidate,candidate,User-provided Gemini deepsearch,"Potentially relevant to S-Max depending on year, engine, and module; validate on vehicle."
Knock Sensor 2,KS2,22,03E7,2203E7,Auto,Auto,Auto,((A*256)+B)/1000,0.0,5.0,V,((A*256)+B)/1000,0.0,5.0,V,Ford EcoBoost / Coyote 5.0L,ecoboost_candidate,candidate,User-provided Gemini deepsearch,"Potentially relevant to S-Max depending on year, engine, and module; validate on vehicle."
Octane Adjust Ratio,OAR,22,03E8,2203E8,Auto,Auto,Auto,((signed(A)*256)+B)/16384,-1.0,1.0,,((signed(A)*256)+B)/16384,-1.0,1.0,,Ford extended candidates from uploaded Ford DID.csv,ford_extended_candidate,candidate,Uploaded Ford DID.csv,Candidate Ford extended PID; confirm on vehicle.
Ignition Correction Cylinder 1,Ign Corr Cyl 1,22,03EC,2203EC,Auto,Auto,Auto,((signed(A)*256)+B)/-512,-16.0,16.0,°,((signed(A)*256)+B)/-512,-16.0,16.0,°,Ford extended candidates from uploaded Ford DID.csv,ford_extended_candidate,candidate,Uploaded Ford DID.csv,Candidate Ford extended PID; confirm on vehicle.
Knock Sensor 1 Raw,KS1 Raw,22,0403,220403,Auto,Auto,Auto,((A*256)+B),0.0,32768.0,,((A*256)+B),0.0,32768.0,,Ford extended candidates from uploaded Ford DID.csv,ford_extended_candidate,candidate,Uploaded Ford DID.csv,Candidate Ford extended PID; confirm on vehicle.
Knock Sensor 2 Raw,KS2 Raw,22,0404,220404,Auto,Auto,Auto,((A*256)+B),0.0,32768.0,,((A*256)+B),0.0,32768.0,,Ford extended candidates from uploaded Ford DID.csv,ford_extended_candidate,candidate,Uploaded Ford DID.csv,Candidate Ford extended PID; confirm on vehicle.
Low Pressure Fuel Pressure Desired,LPFP Desired,22,041F,22041F,Auto,Auto,Auto,(A/2.2982523)/0.145038,0.0,1378.9489650988016,kPa,A/2.2982523,0.0,200.0,psi,Ford extended candidates from uploaded Ford DID.csv,ford_extended_candidate,candidate,Uploaded Ford DID.csv,Candidate Ford extended PID; confirm on vehicle.
Bypass Valve Commanded Open,BPV Open,22,0427,220427,Auto,Auto,Auto,A/256,0.0,1.0,0/1,A/256,0.0,1.0,0/1,Ford extended candidates from uploaded Ford DID.csv,ford_extended_candidate,candidate,Uploaded Ford DID.csv,Candidate Ford extended PID; confirm on vehicle.
Charge Air Temperature Sensor Voltage,CAT Sensor V,22,0460,220460,Auto,Auto,Auto,((signed(A)*256)+B)/1024,0.0,5.0,V,((signed(A)*256)+B)/1024,0.0,5.0,V,Ford extended candidates from uploaded Ford DID.csv,ford_extended_candidate,candidate,Uploaded Ford DID.csv,Candidate Ford extended PID; confirm on vehicle.
Charge Air Cooler Temp,CAC Temp,22,0461,220461,Auto,Auto,Auto,A-40,-40.0,150.0,°C,((A-40)*9/5)+32,-40.0,302.0,°F,Ford EcoBoost (1.5/2.0/2.3/3.5L),ecoboost_candidate,candidate,User-provided Gemini deepsearch,"Potentially relevant to S-Max depending on year, engine, and module; validate on vehicle."
Charge Air Temperature,CAT,22,0461,220461,Auto,Auto,Auto,((((signed(A)*256)+B)/64)-32)*5/9,-40.0,148.88888888888889,°C,((signed(A)*256)+B)/64,-40.0,300.0,°F,Ford extended candidates from uploaded Ford DID.csv,ford_extended_candidate,candidate,Uploaded Ford DID.csv,Candidate Ford extended PID; confirm on vehicle.
Wastegate Duty Cycle,WG DC,22,0462,220462,Auto,Auto,Auto,A*(100/255),0.0,100.0,%,A*(100/255),0.0,100.0,%,Ford EcoBoost (1.5/2.0/2.3/3.5L),ecoboost_candidate,candidate,User-provided Gemini deepsearch,"Potentially relevant to S-Max depending on year, engine, and module; validate on vehicle."
Wastegate Duty Cycle Commanded,WGDC,22,0462,220462,Auto,Auto,Auto,((A*256)+B)/327.68,0.0,100.0,%,((A*256)+B)/327.68,0.0,100.0,%,Ford extended candidates from uploaded Ford DID.csv,ford_extended_candidate,candidate,Uploaded Ford DID.csv,Candidate Ford extended PID; confirm on vehicle.
Throttle Inlet Pressure Desired Absolute,TIP Desired Abs,22,0466,220466,Auto,Auto,Auto,(((A*256)+B)/903.8107848)/0.145038,0.0,413.6846895296405,kPa,((A*256)+B)/903.8107848,0.0,60.0,psi,Ford extended candidates from uploaded Ford DID.csv,ford_extended_candidate,candidate,Uploaded Ford DID.csv,Candidate Ford extended PID; confirm on vehicle.
Injection Mode,Inj Mode,22,046F,22046F,Auto,Auto,Auto,A,0.0,7.0,,A,0.0,7.0,,Ford extended candidates from uploaded Ford DID.csv,ford_extended_candidate,candidate,Uploaded Ford DID.csv,Candidate Ford extended PID; confirm on vehicle.
Low Pressure Fuel Pressure Actual,LPFP Actual,22,0548,220548,Auto,Auto,Auto,(((signed(A)*256)+B)/13.78921)/0.145038,0.0,1378.9489650988016,kPa,((signed(A)*256)+B)/13.78921,0.0,200.0,psi,Ford extended candidates from uploaded Ford DID.csv,ford_extended_candidate,candidate,Uploaded Ford DID.csv,Candidate Ford extended PID; confirm on vehicle.
Low Pressure Fuel Pressure Sensor Voltage,LPFP Sensor V,22,054D,22054D,Auto,Auto,Auto,((signed(A)*256)+B)/1024,0.0,5.0,V,((signed(A)*256)+B)/1024,0.0,5.0,V,Ford extended candidates from uploaded Ford DID.csv,ford_extended_candidate,candidate,Uploaded Ford DID.csv,Candidate Ford extended PID; confirm on vehicle.
DPF Soot Load % (Euro),DPF Load,22,057B,22057B,7E0,PCM/ECM,HS-CAN likely,B,0.0,100.0,%,B,0.0,100.0,%,Ford TDCi / EcoBlue (1.6/2.0),diesel_candidate,candidate,User-provided Gemini deepsearch,"Potentially relevant to S-Max depending on year, engine, and module; validate on vehicle."
DPF Soot Mass % 6.7L,DPF Mass,22,057B,22057B,7E0,PCM/ECM,HS-CAN likely,((A*256)+B)*(100/65535),0.0,100.0,%,((A*256)+B)*(100/65535),0.0,100.0,%,Ford PowerStroke 6.7L,powersroke_non_smax,candidate,User-provided Gemini deepsearch,Mostly non-S-Max; kept as Ford reference candidate.
Ambient Air Temperature,AAT,22,057D,22057D,Auto,Auto,Auto,((((A/2)-40)*1.8+32)-32)*5/9,-40.0,82.22222222222223,°C,((A/2)-40)*1.8+32,-40.0,180.0,°F,Ford extended candidates from uploaded Ford DID.csv,ford_extended_candidate,candidate,Uploaded Ford DID.csv,Candidate Ford extended PID; confirm on vehicle.
Active Engine Op Mode (DPF),DPF Mode,22,060E,22060E,7E0,PCM/ECM,HS-CAN likely,A,0.0,9.0,Mode,A,0.0,9.0,Mode,"Ford TDCi (0=Norm, 1=Heat, 2=Regen)",diesel_candidate,candidate,User-provided Gemini deepsearch,"Potentially relevant to S-Max depending on year, engine, and module; validate on vehicle."
Grill Shutter Duty Cycle Requested,Grill Shutter DC,22,0707,220707,Auto,Auto,Auto,A/2.55,0.0,100.0,%,A/2.55,0.0,100.0,%,Ford extended candidates from uploaded Ford DID.csv,ford_extended_candidate,candidate,Uploaded Ford DID.csv,Candidate Ford extended PID; confirm on vehicle.
Electronic Throttle Control Angle Desired,ETC Angle Desired,22,091A,22091A,Auto,Auto,Auto,((A*256)+B)/512,0.0,90.0,°,((A*256)+B)/512,0.0,90.0,°,Ford extended candidates from uploaded Ford DID.csv,ford_extended_candidate,candidate,Uploaded Ford DID.csv,Candidate Ford extended PID; confirm on vehicle.
Electronic Throttle Control Angle Actual,ETC Angle Actual,22,093C,22093C,Auto,Auto,Auto,((A*256)+B)/512,0.0,90.0,°,((A*256)+B)/512,0.0,90.0,°,Ford extended candidates from uploaded Ford DID.csv,ford_extended_candidate,candidate,Uploaded Ford DID.csv,Candidate Ford extended PID; confirm on vehicle.
Engine Run Time,ERT,22,1126,221126,Auto,Auto,Auto,A,0.0,255.0,s,A,0.0,255.0,s,Ford extended candidates from uploaded Ford DID.csv,ford_extended_candidate,candidate,Uploaded Ford DID.csv,Candidate Ford extended PID; confirm on vehicle.
Evaporative Purge Commanded,Evap Purge Command,22,1166,221166,Auto,Auto,Auto,((A*256)+B)/327.68,0.0,100.0,%,((A*256)+B)/327.68,0.0,100.0,%,Ford extended candidates from uploaded Ford DID.csv,ford_extended_candidate,candidate,Uploaded Ford DID.csv,Candidate Ford extended PID; confirm on vehicle.
Ignition Timing Cylinder 1,Ign Timing Cyl 1,22,116B,22116B,Auto,Auto,Auto,((signed(A)*256)+B)/4,-80.0,80.0,°,((signed(A)*256)+B)/4,-80.0,80.0,°,Ford extended candidates from uploaded Ford DID.csv,ford_extended_candidate,candidate,Uploaded Ford DID.csv,Candidate Ford extended PID; confirm on vehicle.
DPF Differential Pressure,DPF dP,22,116C,22116C,7E0,PCM/ECM,HS-CAN likely,(((A*256)+B)*0.01)/0.145038,0.0,689.4744825494008,kPa,((A*256)+B)*0.01,0.0,100.0,psi,Ford PowerStroke / TDCi,diesel_candidate,candidate,User-provided Gemini deepsearch,"Potentially relevant to S-Max depending on year, engine, and module; validate on vehicle."
Vehicle Power Battery,VPWR,22,1172,221172,Auto,Auto,Auto,A/16,0.0,20.0,V,A/16,0.0,20.0,V,Ford Extended (Mode 22),ford_extended_candidate,candidate,User-provided Gemini deepsearch,"Potentially relevant to S-Max depending on year, engine, and module; validate on vehicle."
Intake Air Temperature Sensor Voltage,IAT Sensor V,22,1279,221279,Auto,Auto,Auto,((A*256)+B)/204.6,0.0,5.0,V,((A*256)+B)/204.6,0.0,5.0,V,Ford extended candidates from uploaded Ford DID.csv,ford_extended_candidate,candidate,Uploaded Ford DID.csv,Candidate Ford extended PID; confirm on vehicle.
Engine Oil Temp 7.3 °F,EOT 7.3,22,1310,221310,C410F1,Powertrain/Ford extended,Ford extended / protocol-specific,(((((A*256)+B)/100)-40)-32)*5/9,-40.0,148.88888888888889,°C,(((A*256)+B)/100)-40,-40.0,300.0,°F,Ford PowerStroke 7.3L [3],powersroke_non_smax,candidate,User-provided Gemini deepsearch,Mostly non-S-Max; kept as Ford reference candidate.
Fuel Pulse Width 7.3,FPW 7.3,22,1410,221410,C410F1,Powertrain/Ford extended,Ford extended / protocol-specific,((A*256)+B)*0.008,0.0,8.0,ms,((A*256)+B)*0.008,0.0,8.0,ms,Ford PowerStroke 7.3L [3],powersroke_non_smax,candidate,User-provided Gemini deepsearch,Mostly non-S-Max; kept as Ford reference candidate.
Injection Control Press 7.3,ICP 7.3,22,1446,221446,C410F1,Powertrain/Ford extended,Ford extended / protocol-specific,(((A*256)+B)*0.004)/0.145038,0.0,27578.979301976033,kPa,((A*256)+B)*0.004,0.0,4000.0,psi,Ford PowerStroke 7.3L [3],powersroke_non_smax,candidate,User-provided Gemini deepsearch,Mostly non-S-Max; kept as Ford reference candidate.
Injector Balance Rate 1,Inj Bal 1,22,1635,221635,Auto,Auto,Auto,((A*256+B)-32768)/64,-100.0,100.0,mm3,((A*256+B)-32768)/64,-100.0,100.0,mm3,Ford TDCi / Duramax,diesel_candidate,candidate,User-provided Gemini deepsearch,"Potentially relevant to S-Max depending on year, engine, and module; validate on vehicle."
Injector Balance Rate 2,Inj Bal 2,22,1636,221636,Auto,Auto,Auto,((A*256+B)-32768)/64,-100.0,100.0,mm3,((A*256+B)-32768)/64,-100.0,100.0,mm3,Ford TDCi / Duramax,diesel_candidate,candidate,User-provided Gemini deepsearch,"Potentially relevant to S-Max depending on year, engine, and module; validate on vehicle."
Injector Balance Rate 3,Inj Bal 3,22,1637,221637,Auto,Auto,Auto,((A*256+B)-32768)/64,-100.0,100.0,mm3,((A*256+B)-32768)/64,-100.0,100.0,mm3,Ford TDCi / Duramax,diesel_candidate,candidate,User-provided Gemini deepsearch,"Potentially relevant to S-Max depending on year, engine, and module; validate on vehicle."
Injector Balance Rate 4,Inj Bal 4,22,1638,221638,Auto,Auto,Auto,((A*256+B)-32768)/64,-100.0,100.0,mm3,((A*256+B)-32768)/64,-100.0,100.0,mm3,Ford TDCi / Duramax,diesel_candidate,candidate,User-provided Gemini deepsearch,"Potentially relevant to S-Max depending on year, engine, and module; validate on vehicle."
Transmission Fluid Temp 7.3,TFT 7.3,22,1674,221674,C410F1,Powertrain/Ford extended,Ford extended / protocol-specific,((((A*256)+B)/8)-32)*5/9,-17.77777777777778,148.88888888888889,°C,((A*256)+B)/8,0.0,300.0,°F,Ford PowerStroke 7.3L [3],powersroke_non_smax,candidate,User-provided Gemini deepsearch,Mostly non-S-Max; kept as Ford reference candidate.
FlexFuel Inferred Ethanol % (Alt),Eth % Alt,22,16AB,2216AB,C410F1,Powertrain/Ford extended,Ford extended / protocol-specific,A*(100/255),0.0,100.0,%,A*(100/255),0.0,100.0,%,Ford FlexFuel,flexfuel_non_smax,candidate,User-provided Gemini deepsearch,Candidate Ford extended PID; confirm on vehicle.
Generator Field Current,GEN FLD,22,16E8,2216E8,Auto,Auto,Auto,(A*256+B)*(200/32767),0.0,100.0,%,(A*256+B)*(200/32767),0.0,100.0,%,Ford Extended (Mode 22),ford_extended_candidate,candidate,User-provided Gemini deepsearch,"Potentially relevant to S-Max depending on year, engine, and module; validate on vehicle."
Transmission Fluid Temp C,TFT °C,22,1E1C,221E1C,Auto,Auto,Auto,((signed(A)*256)+B)/16,-40.0,160.0,°C,((((signed(A)*256)+B)/16)*9/5)+32,-40.0,320.0,°F,Ford 6R80/10R80,transmission_candidate,candidate,User-provided Gemini deepsearch,Candidate Ford extended PID; confirm on vehicle.
Transmission Fluid Temp F,TFT °F,22,1E1C,221E1C,Auto,Auto,Auto,((((signed(A)*256)+B)*(9/80)+32)-32)*5/9,-40.0,148.88888888888889,°C,((signed(A)*256)+B)*(9/80)+32,-40.0,300.0,°F,Ford 6R80/10R80,transmission_candidate,candidate,User-provided Gemini deepsearch,Candidate Ford extended PID; confirm on vehicle.
Current Gear Ratio,Gear Ratio,22,1E23,221E23,Auto,Auto,Auto,((A*256)+B)/4096,0.0,30.0,,((A*256)+B)/4096,0.0,30.0,,Ford extended candidates from uploaded Ford DID.csv,ford_extended_candidate,candidate,Uploaded Ford DID.csv,Candidate Ford extended PID; confirm on vehicle.
Tire Pressure Left Front,LF Tire,22,2813,222813,726,BdyCM/BCM,MS-CAN likely,((A*256+B)/20)/0.145038,0.0,413.6846895296405,kPa,(A*256+B)/20,0.0,60.0,psi,Ford 2011+ BdyCM TPMS,body_tpms_candidate,candidate,User-provided Gemini deepsearch,Could be relevant on some Ford BCM/TPMS implementations; confirm module/header on S-Max.
Tire Pressure Right Front,RF Tire,22,2814,222814,726,BdyCM/BCM,MS-CAN likely,((A*256+B)/20)/0.145038,0.0,413.6846895296405,kPa,(A*256+B)/20,0.0,60.0,psi,Ford 2011+ BdyCM TPMS,body_tpms_candidate,candidate,User-provided Gemini deepsearch,Could be relevant on some Ford BCM/TPMS implementations; confirm module/header on S-Max.
Tire Pressure Right Rear,RR Tire,22,2815,222815,726,BdyCM/BCM,MS-CAN likely,((A*256+B)/20)/0.145038,0.0,413.6846895296405,kPa,(A*256+B)/20,0.0,60.0,psi,Ford 2011+ BdyCM TPMS,body_tpms_candidate,candidate,User-provided Gemini deepsearch,Could be relevant on some Ford BCM/TPMS implementations; confirm module/header on S-Max.
Tire Pressure Left Rear,LR Tire,22,2816,222816,726,BdyCM/BCM,MS-CAN likely,((A*256+B)/20)/0.145038,0.0,413.6846895296405,kPa,(A*256+B)/20,0.0,60.0,psi,Ford 2011+ BdyCM TPMS,body_tpms_candidate,candidate,User-provided Gemini deepsearch,Could be relevant on some Ford BCM/TPMS implementations; confirm module/header on S-Max.
Hybrid Battery SOC,HV SOC,22,4028,224028,Auto,Auto,Auto,A*(100/255),0.0,100.0,%,A*(100/255),0.0,100.0,%,Ford Hybrid (Escape/Fusion/Maverick),hybrid_candidate,candidate,User-provided Gemini deepsearch,Not for S-Max production models except if reused in future Ford hybrids; keep as out-of-scope reference.
Hybrid Traction Battery Volts,HV Volts,22,402A,22402A,Auto,Auto,Auto,((A*256)+B)/4,0.0,500.0,V,((A*256)+B)/4,0.0,500.0,V,Ford Hybrid (Escape/Fusion/Maverick),hybrid_candidate,candidate,User-provided Gemini deepsearch,Not for S-Max production models except if reused in future Ford hybrids; keep as out-of-scope reference.
Battery State of Charge,Bat SOC,22,402B,22402B,726,BdyCM/BCM,MS-CAN likely,A-126,0.0,100.0,%,A-126,0.0,100.0,%,Ford BMS (Focus/Ranger/F-150),ford_extended_candidate,candidate,User-provided Gemini deepsearch,Mostly non-S-Max; kept as Ford reference candidate.
Air Conditioning Compressor Pressure Sensor Voltage,AC Pressure Sensor V,22,9800,229800,Auto,Auto,Auto,((signed(A)*256)+B)/1024,0.0,5.0,V,((signed(A)*256)+B)/1024,0.0,5.0,V,Ford extended candidates from uploaded Ford DID.csv,ford_extended_candidate,candidate,Uploaded Ford DID.csv,Candidate Ford extended PID; confirm on vehicle.
Engine Load Percentage,Eng Load,22,F404,22F404,Auto,Auto,Auto,A*100/255,0.0,100.0,%,A*100/255,0.0,100.0,%,Ford extended candidates from uploaded Ford DID.csv,ford_extended_candidate,candidate,Uploaded Ford DID.csv,Candidate Ford extended PID; confirm on vehicle.
Short Term Fuel Trim,STFT,22,F406,22F406,Auto,Auto,Auto,(A-128)*100/128,-100.0,100.0,%,(A-128)*100/128,-100.0,100.0,%,Ford extended candidates from uploaded Ford DID.csv,ford_extended_candidate,candidate,Uploaded Ford DID.csv,Candidate Ford extended PID; confirm on vehicle.
Long Term Fuel Trim,LTFT,22,F407,22F407,Auto,Auto,Auto,(A-128)*100/128,-100.0,100.0,%,(A-128)*100/128,-100.0,100.0,%,Ford extended candidates from uploaded Ford DID.csv,ford_extended_candidate,candidate,Uploaded Ford DID.csv,Candidate Ford extended PID; confirm on vehicle.
Manifold Absolute Pressure,MAP,22,F40B,22F40B,Auto,Auto,Auto,(A/6.894745)/0.145038,0.0,413.6846895296405,kPa,A/6.894745,0.0,60.0,psi,Ford extended candidates from uploaded Ford DID.csv,ford_extended_candidate,candidate,Uploaded Ford DID.csv,Candidate Ford extended PID; confirm on vehicle.
Engine Speed,Engine Speed,22,F40C,22F40C,Auto,Auto,Auto,((A*256)+B)/4,0.0,12000.0,RPM,((A*256)+B)/4,0.0,12000.0,RPM,Ford extended candidates from uploaded Ford DID.csv,ford_extended_candidate,candidate,Uploaded Ford DID.csv,Candidate Ford extended PID; confirm on vehicle.
Vehicle Speed,Vehicle Speed,22,F40D,22F40D,Auto,Auto,Auto,(A * 0.621371)/0.621371,0.0,321.8688995785127,km/h,A * 0.621371,0.0,200.0,mph,Ford extended candidates from uploaded Ford DID.csv,ford_extended_candidate,candidate,Uploaded Ford DID.csv,Candidate Ford extended PID; confirm on vehicle.
Intake Air Temperature,IAT,22,F40F,22F40F,Auto,Auto,Auto,(((A-40)*1.8+32)-32)*5/9,-40.0,148.88888888888889,°C,(A-40)*1.8+32,-40.0,300.0,°F,Ford extended candidates from uploaded Ford DID.csv,ford_extended_candidate,candidate,Uploaded Ford DID.csv,Candidate Ford extended PID; confirm on vehicle.
Distance with MIL,MIL Dist,22,F421,22F421,Auto,Auto,Auto,(((A*256)+B)*0.621371)/0.621371,0.0,52735.000506943514,km,((A*256)+B)*0.621371,0.0,32768.0,mi,Ford extended candidates from uploaded Ford DID.csv,ford_extended_candidate,candidate,Uploaded Ford DID.csv,Candidate Ford extended PID; confirm on vehicle.
High Pressure Fuel Pressure Actual,HPFP Actual,22,F422,22F422,Auto,Auto,Auto,(((A*256)+B)*1.45038)/0.145038,0.0,24131.60688922903,kPa,((A*256)+B)*1.45038,0.0,3500.0,psi,Ford extended candidates from uploaded Ford DID.csv,ford_extended_candidate,candidate,Uploaded Ford DID.csv,Candidate Ford extended PID; confirm on vehicle.
Fuel Level Input,Fuel Level,22,F42F,22F42F,Auto,Auto,Auto,A*100/255,0.0,100.0,%,A*100/255,0.0,100.0,%,Ford extended candidates from uploaded Ford DID.csv,ford_extended_candidate,candidate,Uploaded Ford DID.csv,Candidate Ford extended PID; confirm on vehicle.
Warm-ups Since DTC Clear,Warm-ups Since Clear,22,F430,22F430,Auto,Auto,Auto,A,0.0,255.0,,A,0.0,255.0,,Ford extended candidates from uploaded Ford DID.csv,ford_extended_candidate,candidate,Uploaded Ford DID.csv,Candidate Ford extended PID; confirm on vehicle.
Distance travelled since DTC Clear,Dist since DTC Clear,22,F431,22F431,Auto,Auto,Auto,(((A*256)+B)*0.621371)/0.621371,0.0,52735.000506943514,km,((A*256)+B)*0.621371,0.0,32768.0,mi,Ford extended candidates from uploaded Ford DID.csv,ford_extended_candidate,candidate,Uploaded Ford DID.csv,Candidate Ford extended PID; confirm on vehicle.
Catalyst Temperature,Cat Temp,22,F43C,22F43C,Auto,Auto,Auto,((((((256*A)+B)/10)-40)*1.8+32)-32)*5/9,-17.77777777777778,16648.88888888889,°C,((((256*A)+B)/10)-40)*1.8+32,0.0,30000.0,°F,Ford extended candidates from uploaded Ford DID.csv,ford_extended_candidate,candidate,Uploaded Ford DID.csv,Candidate Ford extended PID; confirm on vehicle.
Engine Load Actual,Load Actual,22,F443,22F443,Auto,Auto,Auto,((A*256)+B)*100/255,0.0,500.0,%,((A*256)+B)*100/255,0.0,500.0,%,Ford extended candidates from uploaded Ford DID.csv,ford_extended_candidate,candidate,Uploaded Ford DID.csv,Candidate Ford extended PID; confirm on vehicle.
Ambient Air Temp 6.7L,AAT,22,F446,22F446,7E0,PCM/ECM,HS-CAN likely,A-40,-40.0,100.0,°C,((A-40)*9/5)+32,-40.0,212.0,°F,Ford PowerStroke / TDCi,diesel_candidate,candidate,User-provided Gemini deepsearch,"Potentially relevant to S-Max depending on year, engine, and module; validate on vehicle."
EGR Temperature °C,EGR Temp,22,F46B,22F46B,7E0,PCM/ECM,HS-CAN likely,A-40,-40.0,300.0,°C,((A-40)*9/5)+32,-40.0,572.0,°F,Ford PowerStroke / TDCi,diesel_candidate,candidate,User-provided Gemini deepsearch,"Potentially relevant to S-Max depending on year, engine, and module; validate on vehicle."
EGT Post Turbo (EGT11) °F,EGT11 °F,22,F478,22F478,7E0,PCM/ECM,HS-CAN likely,(((((F*256)+G)*0.18)-40)-32)*5/9,-17.77777777777778,982.2222222222222,°C,(((F*256)+G)*0.18)-40,0.0,1800.0,°F,Ford PowerStroke 6.7L [2],powersroke_non_smax,candidate,User-provided Gemini deepsearch,Mostly non-S-Max; kept as Ford reference candidate.
EGT Post DPF (EGT14) °F,EGT14 °F,22,F47A,22F47A,7E0,PCM/ECM,HS-CAN likely,(((((F*256)+G)*0.18)-40)-32)*5/9,-17.77777777777778,982.2222222222222,°C,(((F*256)+G)*0.18)-40,0.0,1800.0,°F,Ford PowerStroke 6.7L [2],powersroke_non_smax,candidate,User-provided Gemini deepsearch,Mostly non-S-Max; kept as Ford reference candidate.
Avg Dist Between Regens,Avg Regen,22,F48B,22F48B,7E0,PCM/ECM,HS-CAN likely,(F*256)+G,0.0,65535.0,km,((F*256)+G)*0.621371,0.0,40721.548485,mi,Ford TDCi / EcoBlue,diesel_candidate,candidate,User-provided Gemini deepsearch,"Potentially relevant to S-Max depending on year, engine, and module; validate on vehicle."
Distance Since Last Regen,Regen Dist,22,FD8A,22FD8A,7E0,PCM/ECM,HS-CAN likely,(A*256)+B,0.0,65535.0,km,((A*256)+B)*0.621371,0.0,40721.548485,mi,Ford TDCi / PowerStroke,diesel_candidate,candidate,User-provided Gemini deepsearch,"Potentially relevant to S-Max depending on year, engine, and module; validate on vehicle."
